Name:,
Gender:,Female
Age:,
Disease:,
Datetime:,20191027_132311
2019/10/27 13:23:11:475,0,10.78
2019/10/27 13:23:11:495,20,10.71
2019/10/27 13:23:11:515,40,10.69
2019/10/27 13:23:11:535,60,10.75
2019/10/27 13:23:11:555,80,10.72
2019/10/27 13:23:11:575,100,10.68
2019/10/27 13:23:11:595,120,10.58
2019/10/27 13:23:11:615,140,10.47
2019/10/27 13:23:11:635,160,10.36
2019/10/27 13:23:11:655,180,10.23
2019/10/27 13:23:11:675,200,10.04
2019/10/27 13:23:11:695,220,9.78
2019/10/27 13:23:11:715,240,9.48
2019/10/27 13:23:11:735,260,9.2
2019/10/27 13:23:11:755,280,8.93
2019/10/27 13:23:11:775,300,8.6
2019/10/27 13:23:11:795,320,8.28
2019/10/27 13:23:11:815,340,7.99
2019/10/27 13:23:11:835,360,7.75
2019/10/27 13:23:11:855,380,7.61
2019/10/27 13:23:11:875,400,7.55
2019/10/27 13:23:11:895,420,7.53
2019/10/27 13:23:11:915,440,7.56
2019/10/27 13:23:11:935,460,7.62
2019/10/27 13:23:11:955,480,7.76
2019/10/27 13:23:11:975,500,7.87
2019/10/27 13:23:11:995,520,7.94
2019/10/27 13:23:12:015,540,7.94
2019/10/27 13:23:12:035,560,7.89
2019/10/27 13:23:12:055,580,7.8
2019/10/27 13:23:12:075,600,7.64
2019/10/27 13:23:12:095,620,7.47
2019/10/27 13:23:12:115,640,7.27
2019/10/27 13:23:12:135,660,7.06
2019/10/27 13:23:12:155,680,6.85
2019/10/27 13:23:12:175,700,6.66
2019/10/27 13:23:12:195,720,6.52
2019/10/27 13:23:12:215,740,6.39
2019/10/27 13:23:12:235,760,6.31
2019/10/27 13:23:12:255,780,6.28
2019/10/27 13:23:12:275,800,6.3
2019/10/27 13:23:12:295,820,6.34
2019/10/27 13:23:12:315,840,6.4
2019/10/27 13:23:12:335,860,6.46
2019/10/27 13:23:12:355,880,6.51
2019/10/27 13:23:12:375,900,6.56
2019/10/27 13:23:12:395,920,6.6
2019/10/27 13:23:12:415,940,6.62
2019/10/27 13:23:12:435,960,6.62
2019/10/27 13:23:12:455,980,6.63
2019/10/27 13:23:12:475,1000,6.61
2019/10/27 13:23:12:495,1020,6.61
2019/10/27 13:23:12:515,1040,6.59
2019/10/27 13:23:12:535,1060,6.55
2019/10/27 13:23:12:555,1080,6.52
2019/10/27 13:23:12:575,1100,6.5
2019/10/27 13:23:12:595,1120,6.48
2019/10/27 13:23:12:615,1140,6.44
2019/10/27 13:23:12:635,1160,6.42
2019/10/27 13:23:12:655,1180,6.39
2019/10/27 13:23:12:675,1200,6.37
2019/10/27 13:23:12:695,1220,6.33
2019/10/27 13:23:12:715,1240,6.32
2019/10/27 13:23:12:735,1260,6.29
2019/10/27 13:23:12:755,1280,6.26
2019/10/27 13:23:12:775,1300,6.24
2019/10/27 13:23:12:795,1320,6.22
2019/10/27 13:23:12:815,1340,6.22
2019/10/27 13:23:12:835,1360,6.22
2019/10/27 13:23:12:855,1380,6.24
2019/10/27 13:23:12:875,1400,6.25
2019/10/27 13:23:12:895,1420,6.27
2019/10/27 13:23:12:915,1440,6.29
2019/10/27 13:23:12:935,1460,6.32
2019/10/27 13:23:12:955,1480,6.34
2019/10/27 13:23:12:975,1500,6.35
2019/10/27 13:23:12:995,1520,6.35
2019/10/27 13:23:13:015,1540,6.34
2019/10/27 13:23:13:035,1560,6.34
2019/10/27 13:23:13:055,1580,6.32
2019/10/27 13:23:13:075,1600,6.28
2019/10/27 13:23:13:095,1620,6.27
2019/10/27 13:23:13:115,1640,6.25
2019/10/27 13:23:13:135,1660,6.25
2019/10/27 13:23:13:155,1680,6.25
2019/10/27 13:23:13:175,1700,6.28
2019/10/27 13:23:13:195,1720,6.33
2019/10/27 13:23:13:215,1740,6.4
2019/10/27 13:23:13:235,1760,6.47
2019/10/27 13:23:13:255,1780,6.54
2019/10/27 13:23:13:275,1800,6.62
2019/10/27 13:23:13:295,1820,6.69
2019/10/27 13:23:13:315,1840,6.77
2019/10/27 13:23:13:335,1860,6.83
2019/10/27 13:23:13:355,1880,6.89
2019/10/27 13:23:13:375,1900,6.91
2019/10/27 13:23:13:395,1920,6.94
2019/10/27 13:23:13:415,1940,6.97
2019/10/27 13:23:13:435,1960,7.01
2019/10/27 13:23:13:455,1980,7.04
2019/10/27 13:23:13:475,2000,7.06
2019/10/27 13:23:13:495,2020,7.08
2019/10/27 13:23:13:515,2040,7.09
2019/10/27 13:23:13:535,2060,7.08
2019/10/27 13:23:13:555,2080,7.07
2019/10/27 13:23:13:575,2100,7.09
2019/10/27 13:23:13:595,2120,7.12
2019/10/27 13:23:13:615,2140,7.17
2019/10/27 13:23:13:635,2160,7.21
2019/10/27 13:23:13:655,2180,7.27
2019/10/27 13:23:13:675,2200,7.32
2019/10/27 13:23:13:695,2220,7.41
2019/10/27 13:23:13:715,2240,7.52
2019/10/27 13:23:13:735,2260,7.63
2019/10/27 13:23:13:755,2280,7.74
2019/10/27 13:23:13:775,2300,7.88
2019/10/27 13:23:13:795,2320,8.03
2019/10/27 13:23:13:815,2340,8.16
2019/10/27 13:23:13:835,2360,8.26
2019/10/27 13:23:13:855,2380,8.31
2019/10/27 13:23:13:875,2400,8.34
2019/10/27 13:23:13:895,2420,8.33
2019/10/27 13:23:13:915,2440,8.24
2019/10/27 13:23:13:935,2460,8.08
2019/10/27 13:23:13:955,2480,7.88
2019/10/27 13:23:13:975,2500,7.65
2019/10/27 13:23:13:995,2520,7.41
2019/10/27 13:23:14:015,2540,7.17
2019/10/27 13:23:14:035,2560,6.94
2019/10/27 13:23:14:055,2580,6.75
2019/10/27 13:23:14:075,2600,6.58
2019/10/27 13:23:14:095,2620,6.43
2019/10/27 13:23:14:115,2640,6.32
2019/10/27 13:23:14:135,2660,6.25
2019/10/27 13:23:14:155,2680,6.26
2019/10/27 13:23:14:175,2700,6.33
2019/10/27 13:23:14:195,2720,6.42
2019/10/27 13:23:14:215,2740,6.5
2019/10/27 13:23:14:235,2760,6.62
2019/10/27 13:23:14:255,2780,6.71
2019/10/27 13:23:14:275,2800,6.87
2019/10/27 13:23:14:295,2820,7.02
2019/10/27 13:23:14:315,2840,7.23
2019/10/27 13:23:14:335,2860,7.5
2019/10/27 13:23:14:355,2880,7.93
2019/10/27 13:23:14:375,2900,8.44
2019/10/27 13:23:14:395,2920,9.02
2019/10/27 13:23:14:415,2940,9.61
2019/10/27 13:23:14:435,2960,10.14
2019/10/27 13:23:14:455,2980,10.74
2019/10/27 13:23:14:475,3000,11.32
2019/10/27 13:23:14:495,3020,12.28
2019/10/27 13:23:14:515,3040,13.8
2019/10/27 13:23:14:535,3060,15.59
2019/10/27 13:23:14:555,3080,17.63
2019/10/27 13:23:14:575,3100,20.02
2019/10/27 13:23:14:595,3120,22.39
2019/10/27 13:23:14:615,3140,25.2
2019/10/27 13:23:14:635,3160,28.17
2019/10/27 13:23:14:655,3180,31.23
2019/10/27 13:23:14:675,3200,34.07
2019/10/27 13:23:14:695,3220,36.57
2019/10/27 13:23:14:715,3240,38.54
2019/10/27 13:23:14:735,3260,39.94
2019/10/27 13:23:14:755,3280,40.7
2019/10/27 13:23:14:775,3300,40.56
2019/10/27 13:23:14:795,3320,39.94
2019/10/27 13:23:14:815,3340,38.82
2019/10/27 13:23:14:835,3360,37.33
2019/10/27 13:23:14:855,3380,35.51
2019/10/27 13:23:14:875,3400,33.43
2019/10/27 13:23:14:895,3420,31.32
2019/10/27 13:23:14:915,3440,29.34
2019/10/27 13:23:14:935,3460,27.61
2019/10/27 13:23:14:955,3480,26.13
2019/10/27 13:23:14:975,3500,25.12
2019/10/27 13:23:14:995,3520,24.2
2019/10/27 13:23:15:015,3540,23.14
2019/10/27 13:23:15:035,3560,22.26
2019/10/27 13:23:15:055,3580,21.51
2019/10/27 13:23:15:075,3600,20.69
2019/10/27 13:23:15:095,3620,20.17
2019/10/27 13:23:15:115,3640,19.43
2019/10/27 13:23:15:135,3660,18.55
2019/10/27 13:23:15:155,3680,17.44
2019/10/27 13:23:15:175,3700,16.28
2019/10/27 13:23:15:195,3720,15.12
2019/10/27 13:23:15:215,3740,14.08
2019/10/27 13:23:15:235,3760,13.09
2019/10/27 13:23:15:255,3780,12.27
2019/10/27 13:23:15:275,3800,11.79
2019/10/27 13:23:15:295,3820,11.39
2019/10/27 13:23:15:315,3840,11.04
2019/10/27 13:23:15:335,3860,10.71
2019/10/27 13:23:15:355,3880,10.37
2019/10/27 13:23:15:375,3900,10.09
2019/10/27 13:23:15:395,3920,9.82
2019/10/27 13:23:15:415,3940,9.54
2019/10/27 13:23:15:435,3960,9.33
2019/10/27 13:23:15:455,3980,9.22
2019/10/27 13:23:15:475,4000,9.16
2019/10/27 13:23:15:495,4020,9.19
2019/10/27 13:23:15:515,4040,9.28
2019/10/27 13:23:15:535,4060,9.3
2019/10/27 13:23:15:555,4080,9.24
2019/10/27 13:23:15:575,4100,9.13
2019/10/27 13:23:15:595,4120,8.98
2019/10/27 13:23:15:615,4140,8.78
2019/10/27 13:23:15:635,4160,8.55
2019/10/27 13:23:15:655,4180,8.31
2019/10/27 13:23:15:675,4200,8.07
2019/10/27 13:23:15:695,4220,7.83
2019/10/27 13:23:15:715,4240,7.58
2019/10/27 13:23:15:735,4260,7.34
2019/10/27 13:23:15:755,4280,7.13
2019/10/27 13:23:15:775,4300,6.96
2019/10/27 13:23:15:795,4320,6.82
2019/10/27 13:23:15:815,4340,6.73
2019/10/27 13:23:15:835,4360,6.7
2019/10/27 13:23:15:855,4380,6.69
2019/10/27 13:23:15:875,4400,6.73
2019/10/27 13:23:15:895,4420,6.75
2019/10/27 13:23:15:915,4440,6.81
2019/10/27 13:23:15:935,4460,6.85
2019/10/27 13:23:15:955,4480,6.87
2019/10/27 13:23:15:975,4500,6.87
2019/10/27 13:23:15:995,4520,6.86
2019/10/27 13:23:16:015,4540,6.84
2019/10/27 13:23:16:035,4560,6.79
2019/10/27 13:23:16:055,4580,6.75
2019/10/27 13:23:16:075,4600,6.72
2019/10/27 13:23:16:095,4620,6.67
2019/10/27 13:23:16:115,4640,6.63
2019/10/27 13:23:16:135,4660,6.59
2019/10/27 13:23:16:155,4680,6.56
2019/10/27 13:23:16:175,4700,6.51
2019/10/27 13:23:16:195,4720,6.47
2019/10/27 13:23:16:215,4740,6.41
2019/10/27 13:23:16:235,4760,6.36
2019/10/27 13:23:16:255,4780,6.37
2019/10/27 13:23:16:275,4800,6.45
2019/10/27 13:23:16:295,4820,6.59
2019/10/27 13:23:16:315,4840,6.8
2019/10/27 13:23:16:335,4860,7.06
2019/10/27 13:23:16:355,4880,7.38
2019/10/27 13:23:16:375,4900,7.71
2019/10/27 13:23:16:395,4920,8.09
2019/10/27 13:23:16:415,4940,8.45
2019/10/27 13:23:16:435,4960,8.78
2019/10/27 13:23:16:455,4980,9.04
2019/10/27 13:23:16:475,5000,9.25
2019/10/27 13:23:16:495,5020,9.37
2019/10/27 13:23:16:515,5040,9.43
2019/10/27 13:23:16:535,5060,9.39
2019/10/27 13:23:16:555,5080,9.29
2019/10/27 13:23:16:575,5100,9.11
2019/10/27 13:23:16:595,5120,8.86
2019/10/27 13:23:16:615,5140,8.57
2019/10/27 13:23:16:635,5160,8.26
2019/10/27 13:23:16:655,5180,7.95
2019/10/27 13:23:16:675,5200,7.66
2019/10/27 13:23:16:695,5220,7.4
2019/10/27 13:23:16:715,5240,7.22
2019/10/27 13:23:16:735,5260,7.12
2019/10/27 13:23:16:755,5280,7.03
2019/10/27 13:23:16:775,5300,6.96
2019/10/27 13:23:16:795,5320,6.9
2019/10/27 13:23:16:815,5340,6.86
2019/10/27 13:23:16:835,5360,6.81
2019/10/27 13:23:16:855,5380,6.77
2019/10/27 13:23:16:875,5400,6.72
2019/10/27 13:23:16:895,5420,6.66
2019/10/27 13:23:16:915,5440,6.61
2019/10/27 13:23:16:935,5460,6.58
2019/10/27 13:23:16:955,5480,6.58
2019/10/27 13:23:16:975,5500,6.6
2019/10/27 13:23:16:995,5520,6.63
2019/10/27 13:23:17:015,5540,6.66
2019/10/27 13:23:17:035,5560,6.7
2019/10/27 13:23:17:055,5580,6.72
2019/10/27 13:23:17:075,5600,6.75
2019/10/27 13:23:17:095,5620,6.77
2019/10/27 13:23:17:115,5640,6.79
2019/10/27 13:23:17:135,5660,6.79
2019/10/27 13:23:17:155,5680,6.79
2019/10/27 13:23:17:175,5700,6.78
2019/10/27 13:23:17:195,5720,6.78
2019/10/27 13:23:17:215,5740,6.76
2019/10/27 13:23:17:235,5760,6.71
2019/10/27 13:23:17:255,5780,6.67
2019/10/27 13:23:17:275,5800,6.65
2019/10/27 13:23:17:295,5820,6.61
2019/10/27 13:23:17:315,5840,6.56
2019/10/27 13:23:17:335,5860,6.53
2019/10/27 13:23:17:355,5880,6.49
2019/10/27 13:23:17:375,5900,6.48
2019/10/27 13:23:17:395,5920,6.5
2019/10/27 13:23:17:415,5940,6.52
2019/10/27 13:23:17:435,5960,6.53
2019/10/27 13:23:17:455,5980,6.52
2019/10/27 13:23:17:475,6000,6.51
2019/10/27 13:23:17:495,6020,6.45
2019/10/27 13:23:17:515,6040,6.61
2019/10/27 13:23:17:535,6060,6.88
2019/10/27 13:23:17:555,6080,7.26
2019/10/27 13:23:17:575,6100,7.73
2019/10/27 13:23:17:595,6120,8.24
2019/10/27 13:23:17:615,6140,8.86
2019/10/27 13:23:17:635,6160,9.53
2019/10/27 13:23:17:655,6180,10.22
2019/10/27 13:23:17:675,6200,10.86
2019/10/27 13:23:17:695,6220,11.4
2019/10/27 13:23:17:715,6240,11.81
2019/10/27 13:23:17:735,6260,12.06
2019/10/27 13:23:17:755,6280,12.09
2019/10/27 13:23:17:775,6300,12.01
2019/10/27 13:23:17:795,6320,11.65
2019/10/27 13:23:17:815,6340,11.58
2019/10/27 13:23:17:835,6360,11.58
2019/10/27 13:23:17:855,6380,11.71
2019/10/27 13:23:17:875,6400,11.97
2019/10/27 13:23:17:895,6420,12.35
2019/10/27 13:23:17:915,6440,12.84
2019/10/27 13:23:17:935,6460,13.4
2019/10/27 13:23:17:955,6480,14.02
2019/10/27 13:23:17:975,6500,14.64
2019/10/27 13:23:17:995,6520,15.29
2019/10/27 13:23:18:015,6540,15.67
2019/10/27 13:23:18:035,6560,15.81
2019/10/27 13:23:18:055,6580,15.67
2019/10/27 13:23:18:075,6600,15.24
2019/10/27 13:23:18:095,6620,14.64
2019/10/27 13:23:18:115,6640,13.8
2019/10/27 13:23:18:135,6660,12.77
2019/10/27 13:23:18:155,6680,11.6
2019/10/27 13:23:18:175,6700,10.45
2019/10/27 13:23:18:195,6720,9.38
2019/10/27 13:23:18:215,6740,8.42
2019/10/27 13:23:18:235,6760,7.62
2019/10/27 13:23:18:255,6780,7.17
2019/10/27 13:23:18:275,6800,6.95
2019/10/27 13:23:18:295,6820,7.27
2019/10/27 13:23:18:315,6840,7.57
2019/10/27 13:23:18:335,6860,7.98
2019/10/27 13:23:18:355,6880,8.49
2019/10/27 13:23:18:375,6900,9.13
2019/10/27 13:23:18:395,6920,9.81
2019/10/27 13:23:18:415,6940,10.47
2019/10/27 13:23:18:435,6960,11.11
2019/10/27 13:23:18:455,6980,11.74
2019/10/27 13:23:18:475,7000,12.3
2019/10/27 13:23:18:495,7020,12.77
2019/10/27 13:23:18:515,7040,13.08
2019/10/27 13:23:18:535,7060,13.31
2019/10/27 13:23:18:555,7080,13.42
2019/10/27 13:23:18:575,7100,13.47
2019/10/27 13:23:18:595,7120,13.37
2019/10/27 13:23:18:615,7140,13.13
2019/10/27 13:23:18:635,7160,12.81
2019/10/27 13:23:18:655,7180,12.53
2019/10/27 13:23:18:675,7200,12.27
2019/10/27 13:23:18:695,7220,12.09
2019/10/27 13:23:18:715,7240,11.97
2019/10/27 13:23:18:735,7260,11.97
2019/10/27 13:23:18:755,7280,12
2019/10/27 13:23:18:775,7300,12.07
2019/10/27 13:23:18:795,7320,12.15
2019/10/27 13:23:18:815,7340,12.21
2019/10/27 13:23:18:835,7360,12.21
2019/10/27 13:23:18:855,7380,12.3
2019/10/27 13:23:18:875,7400,12.24
2019/10/27 13:23:18:895,7420,12.13
2019/10/27 13:23:18:915,7440,12.02
2019/10/27 13:23:18:935,7460,11.88
2019/10/27 13:23:18:955,7480,11.86
2019/10/27 13:23:18:975,7500,11.98
2019/10/27 13:23:18:995,7520,12.2
2019/10/27 13:23:19:015,7540,12.62
2019/10/27 13:23:19:035,7560,13.11
2019/10/27 13:23:19:055,7580,13.67
2019/10/27 13:23:19:075,7600,14.25
2019/10/27 13:23:19:095,7620,14.79
2019/10/27 13:23:19:115,7640,15.37
2019/10/27 13:23:19:135,7660,15.89
2019/10/27 13:23:19:155,7680,16.26
2019/10/27 13:23:19:175,7700,16.47
2019/10/27 13:23:19:195,7720,16.41
2019/10/27 13:23:19:215,7740,16.13
2019/10/27 13:23:19:235,7760,15.64
2019/10/27 13:23:19:255,7780,15
2019/10/27 13:23:19:275,7800,14.24
2019/10/27 13:23:19:295,7820,13.41
2019/10/27 13:23:19:315,7840,12.57
2019/10/27 13:23:19:335,7860,11.85
2019/10/27 13:23:19:355,7880,11.09
2019/10/27 13:23:19:375,7900,10.41
2019/10/27 13:23:19:395,7920,9.83
2019/10/27 13:23:19:415,7940,9.45
2019/10/27 13:23:19:435,7960,9.28
2019/10/27 13:23:19:455,7980,9.24
2019/10/27 13:23:19:475,8000,9.38
2019/10/27 13:23:19:495,8020,9.7
2019/10/27 13:23:19:515,8040,10.14
2019/10/27 13:23:19:535,8060,10.64
2019/10/27 13:23:19:555,8080,11.19
2019/10/27 13:23:19:575,8100,11.72
2019/10/27 13:23:19:595,8120,12.26
2019/10/27 13:23:19:615,8140,12.69
2019/10/27 13:23:19:635,8160,13.06
2019/10/27 13:23:19:655,8180,13.5
2019/10/27 13:23:19:675,8200,13.65
2019/10/27 13:23:19:695,8220,13.94
2019/10/27 13:23:19:715,8240,14.44
2019/10/27 13:23:19:735,8260,14.97
2019/10/27 13:23:19:755,8280,15.6
2019/10/27 13:23:19:775,8300,16.27
2019/10/27 13:23:19:795,8320,16.95
2019/10/27 13:23:19:815,8340,17.58
2019/10/27 13:23:19:835,8360,18.12
2019/10/27 13:23:19:855,8380,18.48
2019/10/27 13:23:19:875,8400,18.86
2019/10/27 13:23:19:895,8420,19.21
2019/10/27 13:23:19:915,8440,19.4
2019/10/27 13:23:19:935,8460,19.42
2019/10/27 13:23:19:955,8480,19.3
2019/10/27 13:23:19:975,8500,19
2019/10/27 13:23:19:995,8520,18.65
2019/10/27 13:23:20:015,8540,18.17
2019/10/27 13:23:20:035,8560,17.62
2019/10/27 13:23:20:055,8580,17.03
2019/10/27 13:23:20:075,8600,16.48
2019/10/27 13:23:20:095,8620,15.97
2019/10/27 13:23:20:115,8640,15.5
2019/10/27 13:23:20:135,8660,15.03
2019/10/27 13:23:20:155,8680,14.52
2019/10/27 13:23:20:175,8700,14.44
2019/10/27 13:23:20:195,8720,14.46
2019/10/27 13:23:20:215,8740,14.39
2019/10/27 13:23:20:235,8760,14.33
2019/10/27 13:23:20:255,8780,14.38
2019/10/27 13:23:20:275,8800,14.74
2019/10/27 13:23:20:295,8820,15.27
2019/10/27 13:23:20:315,8840,16.12
2019/10/27 13:23:20:335,8860,17.07
2019/10/27 13:23:20:355,8880,18.47
2019/10/27 13:23:20:375,8900,20.39
2019/10/27 13:23:20:395,8920,22.73
2019/10/27 13:23:20:415,8940,25.4
2019/10/27 13:23:20:435,8960,28.53
2019/10/27 13:23:20:455,8980,31.88
2019/10/27 13:23:20:475,9000,35.09
2019/10/27 13:23:20:495,9020,37.91
2019/10/27 13:23:20:515,9040,40.56
2019/10/27 13:23:20:535,9060,42.81
2019/10/27 13:23:20:555,9080,44.48
2019/10/27 13:23:20:575,9100,45.5
2019/10/27 13:23:20:595,9120,45.84
2019/10/27 13:23:20:615,9140,45.45
2019/10/27 13:23:20:635,9160,44.45
2019/10/27 13:23:20:655,9180,42.83
2019/10/27 13:23:20:675,9200,40.58
2019/10/27 13:23:20:695,9220,37.87
2019/10/27 13:23:20:715,9240,34.85
2019/10/27 13:23:20:735,9260,31.83
2019/10/27 13:23:20:755,9280,28.91
2019/10/27 13:23:20:775,9300,26.29
2019/10/27 13:23:20:795,9320,24.33
2019/10/27 13:23:20:815,9340,22.78
2019/10/27 13:23:20:835,9360,22.17
2019/10/27 13:23:20:855,9380,22.18
2019/10/27 13:23:20:875,9400,22.53
2019/10/27 13:23:20:895,9420,23.12
2019/10/27 13:23:20:915,9440,23.97
2019/10/27 13:23:20:935,9460,24.78
2019/10/27 13:23:20:955,9480,25.36
2019/10/27 13:23:20:975,9500,25.84
2019/10/27 13:23:20:995,9520,26.1
2019/10/27 13:23:21:015,9540,26.05
2019/10/27 13:23:21:035,9560,25.71
2019/10/27 13:23:21:055,9580,25.11
2019/10/27 13:23:21:075,9600,24.25
2019/10/27 13:23:21:095,9620,22.99
2019/10/27 13:23:21:115,9640,21.84
2019/10/27 13:23:21:135,9660,20.76
2019/10/27 13:23:21:155,9680,19.82
2019/10/27 13:23:21:175,9700,19
2019/10/27 13:23:21:195,9720,18.24
2019/10/27 13:23:21:215,9740,17.64
2019/10/27 13:23:21:235,9760,17.28
2019/10/27 13:23:21:255,9780,17.22
2019/10/27 13:23:21:275,9800,17.19
2019/10/27 13:23:21:295,9820,16.98
2019/10/27 13:23:21:315,9840,16.78
2019/10/27 13:23:21:335,9860,16.47
2019/10/27 13:23:21:355,9880,16.13
2019/10/27 13:23:21:375,9900,15.7
2019/10/27 13:23:21:395,9920,15.36
2019/10/27 13:23:21:415,9940,14.96
2019/10/27 13:23:21:435,9960,14.59
2019/10/27 13:23:21:455,9980,14.25
2019/10/27 13:23:21:475,10000,13.98
2019/10/27 13:23:21:495,10020,13.91
2019/10/27 13:23:21:515,10040,13.82
2019/10/27 13:23:21:535,10060,13.69
2019/10/27 13:23:21:555,10080,13.53
2019/10/27 13:23:21:575,10100,13.33
2019/10/27 13:23:21:595,10120,13.31
2019/10/27 13:23:21:615,10140,13.09
2019/10/27 13:23:21:635,10160,12.75
2019/10/27 13:23:21:655,10180,12.26
2019/10/27 13:23:21:675,10200,11.71
2019/10/27 13:23:21:695,10220,11.17
2019/10/27 13:23:21:715,10240,10.61
2019/10/27 13:23:21:735,10260,10.16
2019/10/27 13:23:21:755,10280,9.71
2019/10/27 13:23:21:775,10300,9.3
2019/10/27 13:23:21:795,10320,8.99
2019/10/27 13:23:21:815,10340,8.79
2019/10/27 13:23:21:835,10360,8.68
2019/10/27 13:23:21:855,10380,8.65
2019/10/27 13:23:21:875,10400,8.78
2019/10/27 13:23:21:895,10420,8.91
2019/10/27 13:23:21:915,10440,9.07
2019/10/27 13:23:21:935,10460,9.16
2019/10/27 13:23:21:955,10480,9.22
2019/10/27 13:23:21:975,10500,9.25
2019/10/27 13:23:21:995,10520,9.25
2019/10/27 13:23:22:015,10540,9.23
2019/10/27 13:23:22:035,10560,9.2
2019/10/27 13:23:22:055,10580,9.14
2019/10/27 13:23:22:075,10600,9.1
2019/10/27 13:23:22:095,10620,9.05
2019/10/27 13:23:22:115,10640,9.01
2019/10/27 13:23:22:135,10660,8.95
2019/10/27 13:23:22:155,10680,8.97
2019/10/27 13:23:22:175,10700,9.02
2019/10/27 13:23:22:195,10720,9.09
2019/10/27 13:23:22:215,10740,9.24
2019/10/27 13:23:22:235,10760,9.31
2019/10/27 13:23:22:255,10780,9.38
2019/10/27 13:23:22:275,10800,9.43
2019/10/27 13:23:22:295,10820,9.45
2019/10/27 13:23:22:315,10840,9.41
2019/10/27 13:23:22:335,10860,9.41
2019/10/27 13:23:22:355,10880,9.44
2019/10/27 13:23:22:375,10900,9.43
2019/10/27 13:23:22:395,10920,9.52
2019/10/27 13:23:22:415,10940,9.69
2019/10/27 13:23:22:435,10960,9.99
2019/10/27 13:23:22:455,10980,10.4
2019/10/27 13:23:22:475,11000,10.84
2019/10/27 13:23:22:495,11020,11.31
2019/10/27 13:23:22:515,11040,11.77
2019/10/27 13:23:22:535,11060,12.17
2019/10/27 13:23:22:555,11080,12.52
2019/10/27 13:23:22:575,11100,12.74
2019/10/27 13:23:22:595,11120,12.87
2019/10/27 13:23:22:615,11140,12.87
2019/10/27 13:23:22:635,11160,12.78
2019/10/27 13:23:22:655,11180,12.52
2019/10/27 13:23:22:675,11200,12.12
2019/10/27 13:23:22:695,11220,11.64
2019/10/27 13:23:22:715,11240,11.1
2019/10/27 13:23:22:735,11260,10.55
2019/10/27 13:23:22:755,11280,10.02
2019/10/27 13:23:22:775,11300,9.53
2019/10/27 13:23:22:795,11320,9.1
2019/10/27 13:23:22:815,11340,8.81
2019/10/27 13:23:22:835,11360,8.58
2019/10/27 13:23:22:855,11380,8.42
2019/10/27 13:23:22:875,11400,8.39
2019/10/27 13:23:22:895,11420,8.39
2019/10/27 13:23:22:915,11440,8.4
2019/10/27 13:23:22:935,11460,8.4
2019/10/27 13:23:22:955,11480,8.34
2019/10/27 13:23:22:975,11500,8.29
2019/10/27 13:23:22:995,11520,8.24
2019/10/27 13:23:23:015,11540,8.19
2019/10/27 13:23:23:035,11560,8.16
2019/10/27 13:23:23:055,11580,8.14
2019/10/27 13:23:23:075,11600,8.12
2019/10/27 13:23:23:095,11620,8.11
2019/10/27 13:23:23:115,11640,8.11
2019/10/27 13:23:23:135,11660,8.11
2019/10/27 13:23:23:155,11680,8.12
2019/10/27 13:23:23:175,11700,8.12
2019/10/27 13:23:23:195,11720,8.15
2019/10/27 13:23:23:215,11740,8.17
2019/10/27 13:23:23:235,11760,8.18
2019/10/27 13:23:23:255,11780,8.19
2019/10/27 13:23:23:275,11800,8.17
2019/10/27 13:23:23:295,11820,8.16
2019/10/27 13:23:23:315,11840,8.12
2019/10/27 13:23:23:335,11860,8.1
2019/10/27 13:23:23:355,11880,8.07
2019/10/27 13:23:23:375,11900,8.03
2019/10/27 13:23:23:395,11920,8.02
2019/10/27 13:23:23:415,11940,8.03
2019/10/27 13:23:23:435,11960,8.02
2019/10/27 13:23:23:455,11980,8.02
2019/10/27 13:23:23:475,12000,8.03
2019/10/27 13:23:23:495,12020,8.07
2019/10/27 13:23:23:515,12040,8.1
2019/10/27 13:23:23:535,12060,8.13
2019/10/27 13:23:23:555,12080,8.15
2019/10/27 13:23:23:575,12100,8.17
2019/10/27 13:23:23:595,12120,8.16
2019/10/27 13:23:23:615,12140,8.13
2019/10/27 13:23:23:635,12160,8.17
2019/10/27 13:23:23:655,12180,8.24
2019/10/27 13:23:23:675,12200,8.34
2019/10/27 13:23:23:695,12220,8.48
2019/10/27 13:23:23:715,12240,8.63
2019/10/27 13:23:23:735,12260,8.79
2019/10/27 13:23:23:755,12280,8.96
2019/10/27 13:23:23:775,12300,9.13
2019/10/27 13:23:23:795,12320,9.29
2019/10/27 13:23:23:815,12340,9.45
2019/10/27 13:23:23:835,12360,9.55
2019/10/27 13:23:23:855,12380,9.62
2019/10/27 13:23:23:875,12400,9.65
2019/10/27 13:23:23:895,12420,9.62
2019/10/27 13:23:23:915,12440,9.52
2019/10/27 13:23:23:935,12460,9.4
2019/10/27 13:23:23:955,12480,9.23
2019/10/27 13:23:23:975,12500,9.05
2019/10/27 13:23:23:995,12520,8.83
2019/10/27 13:23:24:015,12540,8.62
2019/10/27 13:23:24:035,12560,8.42
2019/10/27 13:23:24:055,12580,8.24
2019/10/27 13:23:24:075,12600,8.11
2019/10/27 13:23:24:095,12620,8.03
2019/10/27 13:23:24:115,12640,8.02
2019/10/27 13:23:24:135,12660,7.99
2019/10/27 13:23:24:155,12680,7.99
2019/10/27 13:23:24:175,12700,8.03
2019/10/27 13:23:24:195,12720,8.07
2019/10/27 13:23:24:215,12740,8.13
2019/10/27 13:23:24:235,12760,8.22
2019/10/27 13:23:24:255,12780,8.29
2019/10/27 13:23:24:275,12800,8.35
2019/10/27 13:23:24:295,12820,8.42
2019/10/27 13:23:24:315,12840,8.45
2019/10/27 13:23:24:335,12860,8.49
2019/10/27 13:23:24:355,12880,8.49
2019/10/27 13:23:24:375,12900,8.46
2019/10/27 13:23:24:395,12920,8.41
2019/10/27 13:23:24:415,12940,8.34
2019/10/27 13:23:24:435,12960,8.27
2019/10/27 13:23:24:455,12980,8.2
2019/10/27 13:23:24:475,13000,8.12
2019/10/27 13:23:24:495,13020,8.03
2019/10/27 13:23:24:515,13040,7.95
2019/10/27 13:23:24:535,13060,7.89
2019/10/27 13:23:24:555,13080,7.86
2019/10/27 13:23:24:575,13100,7.95
2019/10/27 13:23:24:595,13120,8.12
2019/10/27 13:23:24:615,13140,8.36
2019/10/27 13:23:24:635,13160,8.64
2019/10/27 13:23:24:655,13180,8.96
2019/10/27 13:23:24:675,13200,9.28
2019/10/27 13:23:24:695,13220,9.59
2019/10/27 13:23:24:715,13240,9.88
2019/10/27 13:23:24:735,13260,10.11
2019/10/27 13:23:24:755,13280,10.27
2019/10/27 13:23:24:775,13300,10.36
2019/10/27 13:23:24:795,13320,10.34
2019/10/27 13:23:24:815,13340,10.23
2019/10/27 13:23:24:835,13360,9.82
2019/10/27 13:23:24:855,13380,9.72
2019/10/27 13:23:24:875,13400,9.7
2019/10/27 13:23:24:895,13420,9.8
2019/10/27 13:23:24:915,13440,9.96
2019/10/27 13:23:24:935,13460,10.24
2019/10/27 13:23:24:955,13480,10.58
2019/10/27 13:23:24:975,13500,11
2019/10/27 13:23:24:995,13520,11.45
2019/10/27 13:23:25:015,13540,11.89
2019/10/27 13:23:25:035,13560,12.3
2019/10/27 13:23:25:055,13580,12.66
2019/10/27 13:23:25:075,13600,12.81
2019/10/27 13:23:25:095,13620,12.79
2019/10/27 13:23:25:115,13640,12.61
2019/10/27 13:23:25:135,13660,12.27
2019/10/27 13:23:25:155,13680,11.79
2019/10/27 13:23:25:175,13700,11.21
2019/10/27 13:23:25:195,13720,10.56
2019/10/27 13:23:25:215,13740,9.88
2019/10/27 13:23:25:235,13760,9.22
2019/10/27 13:23:25:255,13780,8.62
2019/10/27 13:23:25:275,13800,8.1
2019/10/27 13:23:25:295,13820,7.71
2019/10/27 13:23:25:315,13840,7.45
2019/10/27 13:23:25:335,13860,7.6
2019/10/27 13:23:25:355,13880,7.63
2019/10/27 13:23:25:375,13900,7.68
2019/10/27 13:23:25:395,13920,7.72
2019/10/27 13:23:25:415,13940,7.79
2019/10/27 13:23:25:435,13960,7.83
2019/10/27 13:23:25:455,13980,7.88
2019/10/27 13:23:25:475,14000,7.9
2019/10/27 13:23:25:495,14020,7.95
2019/10/27 13:23:25:515,14040,7.98
2019/10/27 13:23:25:535,14060,8.02
2019/10/27 13:23:25:555,14080,8.06
2019/10/27 13:23:25:575,14100,8.09
2019/10/27 13:23:25:595,14120,8.13
2019/10/27 13:23:25:615,14140,8.15
2019/10/27 13:23:25:635,14160,8.18
2019/10/27 13:23:25:655,14180,8.21
2019/10/27 13:23:25:675,14200,8.26
2019/10/27 13:23:25:695,14220,8.3
2019/10/27 13:23:25:715,14240,8.34
2019/10/27 13:23:25:735,14260,8.36
2019/10/27 13:23:25:755,14280,8.39
2019/10/27 13:23:25:775,14300,8.41
2019/10/27 13:23:25:795,14320,8.41
2019/10/27 13:23:25:815,14340,8.4
2019/10/27 13:23:25:835,14360,8.41
2019/10/27 13:23:25:855,14380,8.39
2019/10/27 13:23:25:875,14400,8.38
2019/10/27 13:23:25:895,14420,8.34
2019/10/27 13:23:25:915,14440,8.29
2019/10/27 13:23:25:935,14460,8.25
2019/10/27 13:23:25:955,14480,8.21
2019/10/27 13:23:25:975,14500,8.17
2019/10/27 13:23:25:995,14520,8.13
2019/10/27 13:23:26:015,14540,8.07
2019/10/27 13:23:26:035,14560,8.02
2019/10/27 13:23:26:055,14580,7.96
2019/10/27 13:23:26:075,14600,7.91
2019/10/27 13:23:26:095,14620,7.86
2019/10/27 13:23:26:115,14640,7.83
2019/10/27 13:23:26:135,14660,7.8
2019/10/27 13:23:26:155,14680,7.77
2019/10/27 13:23:26:175,14700,7.75
2019/10/27 13:23:26:195,14720,7.73
2019/10/27 13:23:26:215,14740,7.71
2019/10/27 13:23:26:235,14760,7.7
2019/10/27 13:23:26:255,14780,7.68
2019/10/27 13:23:26:275,14800,7.66
2019/10/27 13:23:26:295,14820,7.63
2019/10/27 13:23:26:315,14840,7.62
2019/10/27 13:23:26:335,14860,7.62
2019/10/27 13:23:26:355,14880,7.62
2019/10/27 13:23:26:375,14900,7.63
2019/10/27 13:23:26:395,14920,7.68
2019/10/27 13:23:26:415,14940,7.77
2019/10/27 13:23:26:435,14960,7.86
2019/10/27 13:23:26:455,14980,7.92
2019/10/27 13:23:26:475,15000,7.99
2019/10/27 13:23:26:495,15020,8.05
2019/10/27 13:23:26:515,15040,8.11
2019/10/27 13:23:26:535,15060,8.16
2019/10/27 13:23:26:555,15080,8.19
2019/10/27 13:23:26:575,15100,8.21
2019/10/27 13:23:26:595,15120,8.2
2019/10/27 13:23:26:615,15140,8.18
2019/10/27 13:23:26:635,15160,8.15
2019/10/27 13:23:26:655,15180,8.12
2019/10/27 13:23:26:675,15200,8.06
2019/10/27 13:23:26:695,15220,8.02
2019/10/27 13:23:26:715,15240,8
2019/10/27 13:23:26:735,15260,8
2019/10/27 13:23:26:755,15280,7.99
2019/10/27 13:23:26:775,15300,8
2019/10/27 13:23:26:795,15320,8.05
2019/10/27 13:23:26:815,15340,8.1
2019/10/27 13:23:26:835,15360,8.15
2019/10/27 13:23:26:855,15380,8.2
2019/10/27 13:23:26:875,15400,8.23
2019/10/27 13:23:26:895,15420,8.24
2019/10/27 13:23:26:915,15440,8.21
2019/10/27 13:23:26:935,15460,8.18
2019/10/27 13:23:26:955,15480,8.14
2019/10/27 13:23:26:975,15500,8.1
2019/10/27 13:23:26:995,15520,8.06
2019/10/27 13:23:27:015,15540,8.01
2019/10/27 13:23:27:035,15560,7.95
2019/10/27 13:23:27:055,15580,7.9
2019/10/27 13:23:27:075,15600,7.86
2019/10/27 13:23:27:095,15620,7.85
2019/10/27 13:23:27:115,15640,7.85
2019/10/27 13:23:27:135,15660,7.85
2019/10/27 13:23:27:155,15680,7.87
2019/10/27 13:23:27:175,15700,7.91
2019/10/27 13:23:27:195,15720,7.96
2019/10/27 13:23:27:215,15740,8
2019/10/27 13:23:27:235,15760,8.04
2019/10/27 13:23:27:255,15780,8.08
2019/10/27 13:23:27:275,15800,8.1
2019/10/27 13:23:27:295,15820,8.1
2019/10/27 13:23:27:315,15840,8.08
2019/10/27 13:23:27:335,15860,8.04
2019/10/27 13:23:27:355,15880,7.98
2019/10/27 13:23:27:375,15900,7.9
2019/10/27 13:23:27:395,15920,7.82
2019/10/27 13:23:27:415,15940,7.72
2019/10/27 13:23:27:435,15960,7.63
2019/10/27 13:23:27:455,15980,7.53
2019/10/27 13:23:27:475,16000,7.46
2019/10/27 13:23:27:495,16020,7.38
2019/10/27 13:23:27:515,16040,7.34
2019/10/27 13:23:27:535,16060,7.31
2019/10/27 13:23:27:555,16080,7.32
2019/10/27 13:23:27:575,16100,7.33
2019/10/27 13:23:27:595,16120,7.35
2019/10/27 13:23:27:615,16140,7.36
2019/10/27 13:23:27:635,16160,7.4
2019/10/27 13:23:27:655,16180,7.45
2019/10/27 13:23:27:675,16200,7.49
2019/10/27 13:23:27:695,16220,7.54
2019/10/27 13:23:27:715,16240,7.58
2019/10/27 13:23:27:735,16260,7.62
2019/10/27 13:23:27:755,16280,7.66
2019/10/27 13:23:27:775,16300,7.7
2019/10/27 13:23:27:795,16320,7.77
2019/10/27 13:23:27:815,16340,7.83
2019/10/27 13:23:27:835,16360,7.87
2019/10/27 13:23:27:855,16380,7.9
2019/10/27 13:23:27:875,16400,7.96
2019/10/27 13:23:27:895,16420,8.08
2019/10/27 13:23:27:915,16440,8.2
2019/10/27 13:23:27:935,16460,8.34
2019/10/27 13:23:27:955,16480,8.49
2019/10/27 13:23:27:975,16500,8.62
2019/10/27 13:23:27:995,16520,8.76
2019/10/27 13:23:28:015,16540,8.79
2019/10/27 13:23:28:035,16560,8.81
2019/10/27 13:23:28:055,16580,9.04
2019/10/27 13:23:28:075,16600,9.61
2019/10/27 13:23:28:095,16620,11.01
2019/10/27 13:23:28:115,16640,13
2019/10/27 13:23:28:135,16660,15.61
2019/10/27 13:23:28:155,16680,18.66
2019/10/27 13:23:28:175,16700,22.04
2019/10/27 13:23:28:195,16720,25.64
2019/10/27 13:23:28:215,16740,29.44
2019/10/27 13:23:28:235,16760,33.15
2019/10/27 13:23:28:255,16780,36.5
2019/10/27 13:23:28:275,16800,39.25
2019/10/27 13:23:28:295,16820,41.24
2019/10/27 13:23:28:315,16840,42.33
2019/10/27 13:23:28:335,16860,42.55
2019/10/27 13:23:28:355,16880,41.98
2019/10/27 13:23:28:375,16900,40.67
2019/10/27 13:23:28:395,16920,38.65
2019/10/27 13:23:28:415,16940,36.16
2019/10/27 13:23:28:435,16960,33.22
2019/10/27 13:23:28:455,16980,30.1
2019/10/27 13:23:28:475,17000,27
2019/10/27 13:23:28:495,17020,24.59
2019/10/27 13:23:28:515,17040,22.91
2019/10/27 13:23:28:535,17060,22.31
2019/10/27 13:23:28:555,17080,22.52
2019/10/27 13:23:28:575,17100,23.61
2019/10/27 13:23:28:595,17120,25.3
2019/10/27 13:23:28:615,17140,27.6
2019/10/27 13:23:28:635,17160,30.25
2019/10/27 13:23:28:655,17180,33.06
2019/10/27 13:23:28:675,17200,35.59
2019/10/27 13:23:28:695,17220,38.24
2019/10/27 13:23:28:715,17240,40.48
2019/10/27 13:23:28:735,17260,42.2
2019/10/27 13:23:28:755,17280,43.36
2019/10/27 13:23:28:775,17300,43.94
2019/10/27 13:23:28:795,17320,43.98
2019/10/27 13:23:28:815,17340,43.48
2019/10/27 13:23:28:835,17360,42.6
2019/10/27 13:23:28:855,17380,41.35
2019/10/27 13:23:28:875,17400,39.73
2019/10/27 13:23:28:895,17420,37.99
2019/10/27 13:23:28:915,17440,36.05
2019/10/27 13:23:28:935,17460,34.06
2019/10/27 13:23:28:955,17480,32.54
2019/10/27 13:23:28:975,17500,31.54
2019/10/27 13:23:28:995,17520,30.84
2019/10/27 13:23:29:015,17540,30.54
2019/10/27 13:23:29:035,17560,30.4
2019/10/27 13:23:29:055,17580,30.56
2019/10/27 13:23:29:075,17600,31.3
2019/10/27 13:23:29:095,17620,31.75
2019/10/27 13:23:29:115,17640,32.55
2019/10/27 13:23:29:135,17660,33.3
2019/10/27 13:23:29:155,17680,34.05
2019/10/27 13:23:29:175,17700,35.2
2019/10/27 13:23:29:195,17720,36.15
2019/10/27 13:23:29:215,17740,36.9
2019/10/27 13:23:29:235,17760,37.62
2019/10/27 13:23:29:255,17780,38.15
2019/10/27 13:23:29:275,17800,38.56
2019/10/27 13:23:29:295,17820,38.77
2019/10/27 13:23:29:315,17840,39.06
2019/10/27 13:23:29:335,17860,39.57
2019/10/27 13:23:29:355,17880,40.33
2019/10/27 13:23:29:375,17900,41.35
2019/10/27 13:23:29:395,17920,42.32
2019/10/27 13:23:29:415,17940,43.23
2019/10/27 13:23:29:435,17960,44.32
2019/10/27 13:23:29:455,17980,45.4
2019/10/27 13:23:29:475,18000,46.52
2019/10/27 13:23:29:495,18020,47.3
2019/10/27 13:23:29:515,18040,47.96
2019/10/27 13:23:29:535,18060,48.64
2019/10/27 13:23:29:555,18080,49.13
2019/10/27 13:23:29:575,18100,49.36
2019/10/27 13:23:29:595,18120,49.8
2019/10/27 13:23:29:615,18140,49.83
2019/10/27 13:23:29:635,18160,49.54
2019/10/27 13:23:29:655,18180,49.03
2019/10/27 13:23:29:675,18200,48.24
2019/10/27 13:23:29:695,18220,47.15
2019/10/27 13:23:29:715,18240,45.94
2019/10/27 13:23:29:735,18260,44.42
2019/10/27 13:23:29:755,18280,42.73
2019/10/27 13:23:29:775,18300,40.79
2019/10/27 13:23:29:795,18320,38.89
2019/10/27 13:23:29:815,18340,36.94
2019/10/27 13:23:29:835,18360,34.76
2019/10/27 13:23:29:855,18380,32.31
2019/10/27 13:23:29:875,18400,29.7
2019/10/27 13:23:29:895,18420,27.14
2019/10/27 13:23:29:915,18440,24.91
2019/10/27 13:23:29:935,18460,23.08
2019/10/27 13:23:29:955,18480,21.47
2019/10/27 13:23:29:975,18500,20.11
2019/10/27 13:23:29:995,18520,19.14
2019/10/27 13:23:30:015,18540,18.42
2019/10/27 13:23:30:035,18560,17.71
2019/10/27 13:23:30:055,18580,17.31
2019/10/27 13:23:30:075,18600,16.89
2019/10/27 13:23:30:095,18620,16.49
2019/10/27 13:23:30:115,18640,15.98
2019/10/27 13:23:30:135,18660,15.51
2019/10/27 13:23:30:155,18680,14.98
2019/10/27 13:23:30:175,18700,14.44
2019/10/27 13:23:30:195,18720,13.91
2019/10/27 13:23:30:215,18740,13.35
2019/10/27 13:23:30:235,18760,12.77
2019/10/27 13:23:30:255,18780,12.18
2019/10/27 13:23:30:275,18800,11.69
2019/10/27 13:23:30:295,18820,11.21
2019/10/27 13:23:30:315,18840,10.75
2019/10/27 13:23:30:335,18860,10.34
2019/10/27 13:23:30:355,18880,10
2019/10/27 13:23:30:375,18900,9.74
2019/10/27 13:23:30:395,18920,9.58
2019/10/27 13:23:30:415,18940,9.49
2019/10/27 13:23:30:435,18960,9.46
2019/10/27 13:23:30:455,18980,9.49
2019/10/27 13:23:30:475,19000,9.59
2019/10/27 13:23:30:495,19020,9.7
2019/10/27 13:23:30:515,19040,9.77
2019/10/27 13:23:30:535,19060,9.84
2019/10/27 13:23:30:555,19080,9.86
2019/10/27 13:23:30:575,19100,9.83
2019/10/27 13:23:30:595,19120,9.74
2019/10/27 13:23:30:615,19140,9.63
2019/10/27 13:23:30:635,19160,9.46
2019/10/27 13:23:30:655,19180,9.27
2019/10/27 13:23:30:675,19200,9.05
2019/10/27 13:23:30:695,19220,8.83
2019/10/27 13:23:30:715,19240,8.6
2019/10/27 13:23:30:735,19260,8.38
2019/10/27 13:23:30:755,19280,8.2
2019/10/27 13:23:30:775,19300,8.07
2019/10/27 13:23:30:795,19320,7.99
2019/10/27 13:23:30:815,19340,7.95
2019/10/27 13:23:30:835,19360,7.97
2019/10/27 13:23:30:855,19380,8.03
2019/10/27 13:23:30:875,19400,8.06
2019/10/27 13:23:30:895,19420,8.1
2019/10/27 13:23:30:915,19440,8.13
2019/10/27 13:23:30:935,19460,8.15
2019/10/27 13:23:30:955,19480,8.17
2019/10/27 13:23:30:975,19500,8.16
2019/10/27 13:23:30:995,19520,8.13
2019/10/27 13:23:31:015,19540,8.12
2019/10/27 13:23:31:035,19560,8.1
2019/10/27 13:23:31:055,19580,8.06
2019/10/27 13:23:31:075,19600,8.03
2019/10/27 13:23:31:095,19620,7.99
2019/10/27 13:23:31:115,19640,7.97
